{
  "meta_title": "",
  "meta_description": "",
  "sections": [
    {
      "type": "banner-slider",
      "autoplay": 9000,
      "slides": [
        {
          "img": "/img/uploads/5.png",
          "link": "",
          "alt": "",
          "start": "",
          "end": "",
          "mobile_img": "/img/uploads/6.png"
        }
      ]
    },
    {
      "type": "info-bar",
      "enabled": true
    },
    {
      "type": "banners-grid",
      "banners": [
        {
          "img": "/img/uploads/entrega-em-sete-lagoas-ate-22h-gif.gif"
        },
        {
          "img": "/img/uploads/varias-bolsas.gif"
        }
      ]
    },
    {
      "type": "collection-shelf",
      "shuffle": true,
      "collection_id": null,
      "limit": 12,
      "page": 1
    },
    {
      "type": "page-title",
      "title": "Que tal uma bolsa nova ?",
      "description": ""
    }
  ]
}