{
  "assetsByChunkName": {
    "vendors~app-account~app-confirmation~app-order": [
      "chunk.59a2287951cadd048782.js",
      "chunk.59a2287951cadd048782.js.map"
    ],
    "vendors~app-account~app-checkout": [
      "chunk.75e7da3fa898dae01437.js",
      "chunk.75e7da3fa898dae01437.js.map"
    ],
    "vendors~app-cart~app-checkout": [
      "chunk.18b1f13066a634a1385f.js",
      "chunk.18b1f13066a634a1385f.js.map"
    ],
    "admin": [
      "admin.d9a326daa3412c0f2cb9.js",
      "admin.d9a326daa3412c0f2cb9.js.map"
    ],
    "app-account": [
      "chunk.d2a03ff9ea24cfa11071.js",
      "chunk.d2a03ff9ea24cfa11071.js.map"
    ],
    "app-cart": [
      "chunk.5af9d61d82e0d90b91ea.js",
      "chunk.5af9d61d82e0d90b91ea.js.map"
    ],
    "app-checkout": [
      "chunk.77608d7f1f19564480af.js",
      "chunk.77608d7f1f19564480af.js.map"
    ],
    "app-confirmation": [
      "chunk.8e944ff7f3c42bf78b8b.js",
      "chunk.8e944ff7f3c42bf78b8b.js.map"
    ],
    "app-order": [
      "chunk.2398a62b5c096f548a7e.js",
      "chunk.2398a62b5c096f548a7e.js.map"
    ],
    "checkout": [
      "checkout.5b407d93d3321e82d393.js",
      "checkout.5b407d93d3321e82d393.js.map"
    ],
    "storefront": [
      "storefront.e5a97ec7ae195f007b99.css",
      "storefront.694d98fe8fa9a9e5c0bd.js",
      "storefront.e5a97ec7ae195f007b99.css.map",
      "storefront.694d98fe8fa9a9e5c0bd.js.map"
    ]
  }
}